{"cameraMode":{"drawMode":0,"name":"Shaded","section":"Shading Mode"},"sceneLighting":false,"audioPlay":false,"sceneViewState":{"showFog":true,"showMaterialUpdate":false,"showSkybox":true,"showFlares":true,"showImageEffects":true,"showParticleSystems":true},"in2DMode":false,"pivot":{"x":0.07564163208007813,"y":45.13617706298828,"z":-6.239077568054199},"rotation":{"x":-0.3499905467033386,"y":-0.11286395788192749,"z":0.04252228885889053,"w":-0.9289565086364746},"size":275.2569885253906,"orthographic":false}