{"cameraMode":{"drawMode":0,"name":"Shaded","section":"Shading Mode"},"sceneLighting":false,"audioPlay":false,"sceneViewState":{"showFog":true,"showMaterialUpdate":false,"showSkybox":true,"showFlares":true,"showImageEffects":true,"showParticleSystems":true},"in2DMode":false,"pivot":{"x":2.9802322387695315e-8,"y":0.5000000596046448,"z":0.0},"rotation":{"x":0.01113610528409481,"y":-0.9847076535224915,"z":0.15972991287708283,"w":0.06865324079990387},"size":2.7525696754455568,"orthographic":false}