{"cameraMode":{"drawMode":0,"name":"Shaded","section":"Shading Mode"},"sceneLighting":false,"audioPlay":false,"sceneViewState":{"showFog":true,"showMaterialUpdate":false,"showSkybox":true,"showFlares":true,"showImageEffects":true,"showParticleSystems":true},"in2DMode":false,"pivot":{"x":2.9802322387695315e-8,"y":0.5000000596046448,"z":0.0},"rotation":{"x":0.32270416617393496,"y":0.034357745200395587,"z":-0.011722845025360585,"w":0.9458034634590149},"size":2.7525696754455568,"orthographic":false}